log_id,user,ip,action,timestamp
log_0,user_10,10.0.0.5,admin_access,2024-01-01T10:00:00
log_1,user_17,172.16.0.3,login,2024-01-01T10:00:29
log_2,user_3,192.168.1.1,admin_access,2024-01-01T10:00:54
log_3,user_4,192.168.0.8,login,2024-01-01T10:00:24
log_4,user_20,192.168.1.1,login,2024-01-01T10:01:00
log_5,user_3,192.168.1.1,admin_access,2024-01-01T10:02:00
log_6,user_7,172.16.0.3,login,2024-01-01T10:01:00
log_7,user_10,172.16.0.3,admin_access,2024-01-01T10:02:41
log_8,user_11,172.16.0.3,logout,2024-01-01T10:03:52
log_9,user_1,192.168.0.8,logout,2024-01-01T10:01:48
log_10,user_18,172.16.0.3,login,2024-01-01T10:02:30
log_11,user_20,10.0.0.5,login,2024-01-01T10:03:29
log_12,user_1,10.0.0.5,file_access,2024-01-01T10:03:00
log_13,user_18,192.168.1.1,admin_access,2024-01-01T10:04:07
log_14,user_3,10.0.0.5,login,2024-01-01T10:04:40
log_15,user_15,172.16.0.3,login,2024-01-01T10:04:00
log_16,user_17,10.0.0.5,logout,2024-01-01T10:04:32
log_17,user_3,172.16.0.3,logout,2024-01-01T10:07:39
log_18,user_14,192.168.0.8,admin_access,2024-01-01T10:05:42
log_19,user_19,172.16.0.3,admin_access,2024-01-01T10:04:45
log_20,user_7,10.0.0.5,admin_access,2024-01-01T10:04:20
log_21,user_17,192.168.0.8,admin_access,2024-01-01T10:02:48
log_22,user_10,192.168.1.1,admin_access,2024-01-01T10:03:18
log_23,user_7,172.16.0.3,logout,2024-01-01T10:04:36
log_24,user_3,10.0.0.5,login,2024-01-01T10:06:00
log_25,user_7,172.16.0.3,login,2024-01-01T10:04:10
log_26,user_1,192.168.0.8,logout,2024-01-01T10:09:06
log_27,user_20,172.16.0.3,login,2024-01-01T10:12:36
log_28,user_15,172.16.0.3,login,2024-01-01T10:03:44
log_29,user_18,192.168.0.8,admin_access,2024-01-01T10:12:05
log_30,user_19,192.168.1.1,file_access,2024-01-01T10:12:00
log_31,user_16,172.16.0.3,logout,2024-01-01T10:11:22
log_32,user_14,192.168.0.8,admin_access,2024-01-01T10:06:56
log_33,user_5,10.0.0.5,logout,2024-01-01T10:04:57
log_34,user_17,172.16.0.3,admin_access,2024-01-01T10:15:52
log_35,user_20,192.168.0.8,logout,2024-01-01T10:14:00
log_36,user_13,172.16.0.3,admin_access,2024-01-01T10:03:36
log_37,user_10,10.0.0.5,logout,2024-01-01T10:07:24
log_38,user_9,10.0.0.5,admin_access,2024-01-01T10:15:12
log_39,user_16,10.0.0.5,login,2024-01-01T10:17:33
log_40,user_12,192.168.1.1,logout,2024-01-01T10:16:40
log_41,user_15,10.0.0.5,admin_access,2024-01-01T10:07:31
log_42,user_19,192.168.0.8,admin_access,2024-01-01T10:12:36
log_43,user_2,192.168.0.8,login,2024-01-01T10:08:36
log_44,user_20,10.0.0.5,file_access,2024-01-01T10:05:08
log_45,user_16,172.16.0.3,logout,2024-01-01T10:06:00
log_46,user_1,10.0.0.5,admin_access,2024-01-01T10:16:52
log_47,user_13,10.0.0.5,file_access,2024-01-01T10:17:14
log_48,user_16,10.0.0.5,login,2024-01-01T10:04:00
log_49,user_15,192.168.1.1,file_access,2024-01-01T10:12:15
log_50,user_9,192.168.1.1,admin_access,2024-01-01T10:19:10
log_51,user_17,172.16.0.3,login,2024-01-01T10:12:45
log_52,user_7,192.168.1.1,login,2024-01-01T10:06:56
log_53,user_11,172.16.0.3,file_access,2024-01-01T10:20:19
log_54,user_7,172.16.0.3,logout,2024-01-01T10:19:48
log_55,user_11,10.0.0.5,admin_access,2024-01-01T10:20:10
log_56,user_14,10.0.0.5,file_access,2024-01-01T10:23:20
log_57,user_1,192.168.1.1,file_access,2024-01-01T10:09:30
log_58,user_5,192.168.0.8,admin_access,2024-01-01T10:16:26
log_59,user_14,10.0.0.5,file_access,2024-01-01T10:10:49
log_60,user_17,192.168.0.8,admin_access,2024-01-01T10:29:00
log_61,user_16,192.168.0.8,login,2024-01-01T10:09:09
log_62,user_3,192.168.1.1,login,2024-01-01T10:31:00
log_63,user_14,192.168.0.8,login,2024-01-01T10:25:12
log_64,user_18,192.168.1.1,logout,2024-01-01T10:23:28
log_65,user_20,172.16.0.3,logout,2024-01-01T10:07:35
log_66,user_13,192.168.1.1,logout,2024-01-01T10:22:00
log_67,user_15,10.0.0.5,file_access,2024-01-01T10:23:27
log_68,user_6,172.16.0.3,admin_access,2024-01-01T10:13:36
log_69,user_20,192.168.0.8,login,2024-01-01T10:17:15
log_70,user_13,192.168.1.1,login,2024-01-01T10:35:00
log_71,user_8,10.0.0.5,admin_access,2024-01-01T10:16:34
log_72,user_5,192.168.1.1,file_access,2024-01-01T10:14:24
log_73,user_3,192.168.0.8,file_access,2024-01-01T10:35:17
log_74,user_20,10.0.0.5,login,2024-01-01T10:37:00
log_75,user_1,192.168.0.8,logout,2024-01-01T10:27:30
log_76,user_7,192.168.1.1,file_access,2024-01-01T10:30:24
log_77,user_7,10.0.0.5,login,2024-01-01T10:34:39
log_78,user_6,10.0.0.5,file_access,2024-01-01T10:29:54
log_79,user_4,172.16.0.3,admin_access,2024-01-01T10:32:55
log_80,user_13,10.0.0.5,login,2024-01-01T10:21:20
log_81,user_1,10.0.0.5,login,2024-01-01T10:29:42
log_82,user_8,192.168.0.8,logout,2024-01-01T10:25:58
log_83,user_4,192.168.1.1,file_access,2024-01-01T10:16:36
log_84,user_10,172.16.0.3,logout,2024-01-01T10:35:00
log_85,user_2,192.168.0.8,file_access,2024-01-01T10:32:35
log_86,user_15,192.168.1.1,login,2024-01-01T10:40:08
log_87,user_3,192.168.0.8,logout,2024-01-01T10:07:15
log_88,user_19,192.168.0.8,admin_access,2024-01-01T10:42:32
log_89,user_3,192.168.0.8,login,2024-01-01T10:35:36
log_90,user_6,172.16.0.3,file_access,2024-01-01T10:33:00
log_91,user_11,10.0.0.5,logout,2024-01-01T10:43:59
log_92,user_7,203.0.113.65,admin_access,2024-01-01T10:15:20
log_93,user_1,10.0.0.5,admin_access,2024-01-01T10:29:27
log_94,user_18,10.0.0.5,admin_access,2024-01-01T10:09:24
log_95,user_1,192.168.1.1,file_access,2024-01-01T10:44:20
log_96,user_1,203.0.113.46,admin_access,2024-01-01T10:19:12
log_97,user_7,192.168.1.1,logout,2024-01-01T10:46:53
log_98,user_7,203.0.113.223,login,2024-01-01T10:17:58
log_99,user_6,192.168.0.8,logout,2024-01-01T10:08:15
log_100,user_19,192.168.1.1,file_access,2024-01-01T10:21:40
log_101,user_1,10.0.0.5,file_access,2024-01-01T10:48:49
log_102,user_11,172.16.0.3,admin_access,2024-01-01T10:51:00
log_103,user_19,172.16.0.3,login,2024-01-01T10:32:37
log_104,user_10,192.168.1.1,file_access,2024-01-01T10:41:36
log_105,user_9,192.168.0.8,login,2024-01-01T10:15:45
log_106,user_7,192.168.0.8,admin_access,2024-01-01T10:51:14
log_107,user_17,10.0.0.5,file_access,2024-01-01T10:23:11
log_108,user_3,192.168.1.1,logout,2024-01-01T10:19:48
log_109,user_13,172.16.0.3,file_access,2024-01-01T10:34:31
log_110,user_19,192.168.0.8,logout,2024-01-01T10:55:00
log_111,user_11,172.16.0.3,admin_access,2024-01-01T10:46:15
log_112,user_12,172.16.0.3,logout,2024-01-01T10:48:32
log_113,user_8,172.16.0.3,logout,2024-01-01T10:39:33
log_114,user_8,10.0.0.5,logout,2024-01-01T10:17:06
log_115,user_16,172.16.0.3,login,2024-01-01T10:57:30
log_116,user_1,172.16.0.3,file_access,2024-01-01T10:46:24
log_117,user_11,192.168.1.1,admin_access,2024-01-01T10:15:36
log_118,user_18,192.168.1.1,file_access,2024-01-01T10:29:30
log_119,user_14,192.168.0.8,file_access,2024-01-01T10:47:36
log_120,user_13,10.0.0.5,file_access,2024-01-01T10:12:00
log_121,user_2,192.168.1.1,file_access,2024-01-01T10:56:28
log_122,user_17,10.0.0.5,login,2024-01-01T10:12:12
log_123,user_18,192.168.0.8,admin_access,2024-01-01T10:32:48
log_124,user_18,172.16.0.3,file_access,2024-01-01T10:14:28
log_125,user_7,172.16.0.3,login,2024-01-01T10:50:00
log_126,user_2,203.0.113.144,logout,2024-01-01T10:50:24
log_127,user_7,192.168.1.1,admin_access,2024-01-01T10:29:38
log_128,user_18,10.0.0.5,admin_access,2024-01-01T10:27:44
log_129,user_6,192.168.1.1,logout,2024-01-01T10:38:42
log_130,user_3,172.16.0.3,admin_access,2024-01-01T10:34:40
log_131,user_5,10.0.0.5,file_access,2024-01-01T10:28:23
log_132,user_13,10.0.0.5,logout,2024-01-01T10:11:00
log_133,user_5,172.16.0.3,admin_access,2024-01-01T10:37:41
log_134,user_13,172.16.0.3,login,2024-01-01T10:44:40
log_135,user_19,192.168.0.8,logout,2024-01-01T10:24:45
log_136,user_6,10.0.0.5,admin_access,2024-01-01T10:34:00
log_137,user_1,192.168.1.1,admin_access,2024-01-01T10:59:22
log_138,user_1,10.0.0.5,logout,2024-01-01T10:23:00
log_139,user_10,192.168.1.1,login,2024-01-01T10:46:20
log_140,user_19,192.168.0.8,admin_access,2024-01-01T10:58:20
log_141,user_14,10.0.0.5,login,2024-01-01T10:37:36
log_142,user_2,10.0.0.5,login,2024-01-01T10:56:48
log_143,user_17,192.168.0.8,logout,2024-01-01T10:14:18
log_144,user_19,172.16.0.3,admin_access,2024-01-01T11:09:36
log_145,user_11,172.16.0.3,admin_access,2024-01-01T11:10:05
log_146,user_10,192.168.0.8,logout,2024-01-01T10:51:06
log_147,user_20,10.0.0.5,admin_access,2024-01-01T11:01:15
log_148,user_6,192.168.1.1,logout,2024-01-01T10:17:16
log_149,user_4,10.0.0.5,file_access,2024-01-01T10:29:48
log_150,user_1,172.16.0.3,admin_access,2024-01-01T11:07:30
log_151,user_16,192.168.1.1,admin_access,2024-01-01T11:15:30
log_152,user_16,10.0.0.5,admin_access,2024-01-01T11:03:20
log_153,user_1,172.16.0.3,login,2024-01-01T10:20:24
log_154,user_12,172.16.0.3,login,2024-01-01T10:48:46
log_155,user_15,172.16.0.3,login,2024-01-01T11:12:20
log_156,user_19,10.0.0.5,file_access,2024-01-01T10:31:12
log_157,user_3,172.16.0.3,logout,2024-01-01T10:39:15
log_158,user_1,192.168.1.1,login,2024-01-01T10:39:30
log_159,user_4,192.168.0.8,login,2024-01-01T11:03:36
log_160,user_3,192.168.0.8,admin_access,2024-01-01T10:58:40
log_161,user_9,192.168.1.1,login,2024-01-01T10:21:28
log_162,user_2,192.168.0.8,admin_access,2024-01-01T10:37:48
log_163,user_3,192.168.1.1,file_access,2024-01-01T10:38:02
log_164,user_7,172.16.0.3,admin_access,2024-01-01T10:43:44
log_165,user_2,192.168.0.8,logout,2024-01-01T11:22:30
log_166,user_11,203.0.113.147,file_access,2024-01-01T10:19:22
log_167,user_14,192.168.0.8,file_access,2024-01-01T11:17:56
log_168,user_11,10.0.0.5,login,2024-01-01T10:50:24
log_169,user_4,10.0.0.5,admin_access,2024-01-01T11:04:47
log_170,user_19,192.168.0.8,login,2024-01-01T10:25:30
log_171,user_14,10.0.0.5,logout,2024-01-01T10:54:09
log_172,user_5,10.0.0.5,logout,2024-01-01T10:43:00
log_173,user_11,192.168.0.8,login,2024-01-01T10:54:47
log_174,user_10,172.16.0.3,login,2024-01-01T10:20:18
log_175,user_6,172.16.0.3,login,2024-01-01T10:40:50
log_176,user_15,192.168.0.8,file_access,2024-01-01T10:29:20
log_177,user_12,192.168.0.8,logout,2024-01-01T10:29:30
log_178,user_7,192.168.0.8,file_access,2024-01-01T11:20:06
log_179,user_12,10.0.0.5,admin_access,2024-01-01T11:02:39
log_180,user_14,192.168.0.8,login,2024-01-01T10:15:00
log_181,user_5,192.168.1.1,admin_access,2024-01-01T10:45:15
log_182,user_1,10.0.0.5,logout,2024-01-01T10:48:32
log_183,user_4,192.168.1.1,admin_access,2024-01-01T11:22:21
log_184,user_20,10.0.0.5,login,2024-01-01T11:04:24
log_185,user_14,172.16.0.3,logout,2024-01-01T10:49:20
log_186,user_8,10.0.0.5,file_access,2024-01-01T10:37:12
log_187,user_18,192.168.1.1,login,2024-01-01T11:33:30
log_188,user_12,192.168.1.1,admin_access,2024-01-01T11:08:56
log_189,user_11,172.16.0.3,login,2024-01-01T10:18:54
log_190,user_20,192.168.1.1,file_access,2024-01-01T10:38:00
log_191,user_7,192.168.0.8,logout,2024-01-01T10:31:50
log_192,user_4,10.0.0.5,admin_access,2024-01-01T11:13:36
log_193,user_18,172.16.0.3,logout,2024-01-01T11:30:04
log_194,user_16,172.16.0.3,logout,2024-01-01T10:25:52
log_195,user_8,192.168.0.8,admin_access,2024-01-01T10:52:00
log_196,user_17,10.0.0.5,logout,2024-01-01T11:11:52
log_197,user_11,172.16.0.3,admin_access,2024-01-01T11:12:14
log_198,user_14,10.0.0.5,admin_access,2024-01-01T10:52:48
log_199,user_2,203.0.113.204,admin_access,2024-01-01T10:59:42
log_200,user_15,172.16.0.3,file_access,2024-01-01T11:26:40
log_201,user_1,192.168.1.1,admin_access,2024-01-01T10:30:09
log_202,user_12,192.168.0.8,login,2024-01-01T10:33:40
log_203,user_6,192.168.1.1,file_access,2024-01-01T10:54:08
log_204,user_18,192.168.0.8,admin_access,2024-01-01T11:21:36
log_205,user_4,192.168.1.1,admin_access,2024-01-01T10:41:00
log_206,user_16,172.16.0.3,login,2024-01-01T11:29:16
log_207,user_16,192.168.0.8,file_access,2024-01-01T11:15:54
log_208,user_10,172.16.0.3,logout,2024-01-01T11:33:36
log_209,user_8,192.168.1.1,login,2024-01-01T10:20:54
log_210,user_15,10.0.0.5,file_access,2024-01-01T10:56:00
log_211,user_16,192.168.1.1,logout,2024-01-01T10:35:10
log_212,user_3,172.16.0.3,admin_access,2024-01-01T11:07:08
log_213,user_18,10.0.0.5,file_access,2024-01-01T10:46:09
log_214,user_9,192.168.1.1,logout,2024-01-01T10:46:22
log_215,user_13,203.0.113.156,logout,2024-01-01T10:35:50
log_216,user_3,172.16.0.3,logout,2024-01-01T10:43:12
log_217,user_7,10.0.0.5,logout,2024-01-01T11:48:30
log_218,user_3,172.16.0.3,logout,2024-01-01T10:32:42
log_219,user_18,10.0.0.5,admin_access,2024-01-01T11:34:54
log_220,user_1,192.168.0.8,admin_access,2024-01-01T11:24:20
log_221,user_16,192.168.0.8,file_access,2024-01-01T11:35:46
log_222,user_7,192.168.0.8,logout,2024-01-01T10:55:30
log_223,user_15,172.16.0.3,login,2024-01-01T10:48:19
log_224,user_6,203.0.113.32,admin_access,2024-01-01T11:40:48
log_225,user_5,172.16.0.3,login,2024-01-01T10:22:30
log_226,user_1,192.168.0.8,login,2024-01-01T11:19:06
log_227,user_15,192.168.1.1,login,2024-01-01T11:30:48
log_228,user_10,172.16.0.3,admin_access,2024-01-01T10:30:24
log_229,user_15,10.0.0.5,login,2024-01-01T11:39:14
log_230,user_7,192.168.0.8,login,2024-01-01T10:57:30
log_231,user_18,10.0.0.5,admin_access,2024-01-01T10:53:54
log_232,user_3,192.168.1.1,admin_access,2024-01-01T11:32:48
log_233,user_20,10.0.0.5,login,2024-01-01T10:31:04
log_234,user_18,192.168.0.8,admin_access,2024-01-01T11:02:24
log_235,user_4,192.168.1.1,file_access,2024-01-01T11:49:40
log_236,user_7,203.0.113.221,admin_access,2024-01-01T11:38:20
log_237,user_12,192.168.0.8,file_access,2024-01-01T10:43:27
log_238,user_18,192.168.0.8,admin_access,2024-01-01T11:15:22
log_239,user_13,10.0.0.5,file_access,2024-01-01T11:47:33
log_240,user_9,192.168.0.8,logout,2024-01-01T10:24:00
log_241,user_8,172.16.0.3,file_access,2024-01-01T12:00:30
log_242,user_11,10.0.0.5,login,2024-01-01T11:40:50
log_243,user_4,10.0.0.5,admin_access,2024-01-01T10:56:42
log_244,user_10,172.16.0.3,file_access,2024-01-01T11:21:20
log_245,user_11,192.168.0.8,logout,2024-01-01T11:54:20
log_246,user_7,192.168.1.1,admin_access,2024-01-01T11:42:30
log_247,user_14,10.0.0.5,file_access,2024-01-01T10:45:17
log_248,user_4,172.16.0.3,admin_access,2024-01-01T10:24:48
log_249,user_9,172.16.0.3,login,2024-01-01T11:06:24
log_250,user_11,10.0.0.5,file_access,2024-01-01T10:29:10
log_251,user_18,172.16.0.3,admin_access,2024-01-01T10:33:28
log_252,user_11,192.168.1.1,admin_access,2024-01-01T10:25:12
log_253,user_7,10.0.0.5,logout,2024-01-01T11:41:12
log_254,user_3,10.0.0.5,admin_access,2024-01-01T10:21:10
log_255,user_8,10.0.0.5,login,2024-01-01T12:07:30
log_256,user_20,172.16.0.3,file_access,2024-01-01T12:08:00
log_257,user_8,192.168.1.1,logout,2024-01-01T10:42:50
log_258,user_13,172.16.0.3,admin_access,2024-01-01T10:51:36
log_259,user_16,172.16.0.3,file_access,2024-01-01T10:56:07
log_260,user_10,192.168.1.1,admin_access,2024-01-01T12:10:00
log_261,user_4,192.168.0.8,login,2024-01-01T11:18:18
log_262,user_12,172.16.0.3,login,2024-01-01T11:44:48
log_263,user_2,192.168.1.1,admin_access,2024-01-01T10:30:41
log_264,user_4,192.168.1.1,admin_access,2024-01-01T10:22:00
log_265,user_11,10.0.0.5,admin_access,2024-01-01T11:54:50
log_266,user_15,192.168.1.1,login,2024-01-01T10:39:54
log_267,user_8,172.16.0.3,logout,2024-01-01T12:00:09
log_268,user_8,192.168.0.8,file_access,2024-01-01T10:22:20
log_269,user_17,192.168.0.8,logout,2024-01-01T12:01:03
log_270,user_7,172.16.0.3,admin_access,2024-01-01T10:22:30
log_271,user_6,192.168.1.1,file_access,2024-01-01T11:12:16
log_272,user_3,192.168.1.1,logout,2024-01-01T11:26:08
log_273,user_4,10.0.0.5,logout,2024-01-01T11:35:33
log_274,user_7,192.168.1.1,logout,2024-01-01T11:54:10
log_275,user_20,172.16.0.3,login,2024-01-01T10:22:55
log_276,user_18,192.168.0.8,admin_access,2024-01-01T11:22:48
log_277,user_13,172.16.0.3,file_access,2024-01-01T12:13:53
log_278,user_13,172.16.0.3,logout,2024-01-01T11:32:40
log_279,user_20,192.168.0.8,admin_access,2024-01-01T11:28:21
log_280,user_20,172.16.0.3,logout,2024-01-01T10:42:00
log_281,user_4,10.0.0.5,admin_access,2024-01-01T11:10:15
log_282,user_4,172.16.0.3,file_access,2024-01-01T11:52:48
log_283,user_8,192.168.1.1,logout,2024-01-01T10:37:44
log_284,user_5,10.0.0.5,login,2024-01-01T11:11:00
log_285,user_2,192.168.1.1,login,2024-01-01T11:20:45
log_286,user_16,10.0.0.5,login,2024-01-01T11:54:24
log_287,user_20,203.0.113.52,login,2024-01-01T11:26:06
log_288,user_4,172.16.0.3,admin_access,2024-01-01T10:38:24
log_289,user_8,192.168.1.1,file_access,2024-01-01T12:24:30
log_290,user_9,10.0.0.5,file_access,2024-01-01T11:07:40
log_291,user_8,192.168.0.8,admin_access,2024-01-01T12:01:15
log_292,user_17,192.168.1.1,file_access,2024-01-01T12:16:16
log_293,user_3,192.168.0.8,logout,2024-01-01T10:53:43
log_294,user_16,10.0.0.5,logout,2024-01-01T11:38:00
log_295,user_20,10.0.0.5,login,2024-01-01T11:03:55
log_296,user_8,172.16.0.3,admin_access,2024-01-01T11:04:08
log_297,user_13,172.16.0.3,file_access,2024-01-01T12:13:39
log_298,user_15,10.0.0.5,file_access,2024-01-01T12:14:06
log_299,user_12,192.168.0.8,logout,2024-01-01T12:24:31
log_300,user_6,10.0.0.5,logout,2024-01-01T10:40:00
log_301,user_13,172.16.0.3,logout,2024-01-01T11:05:13
log_302,user_6,192.168.1.1,login,2024-01-01T11:45:42
log_303,user_5,10.0.0.5,admin_access,2024-01-01T11:56:09
log_304,user_5,172.16.0.3,login,2024-01-01T10:35:28
log_305,user_6,10.0.0.5,admin_access,2024-01-01T11:41:40
log_306,user_5,172.16.0.3,file_access,2024-01-01T10:35:42
log_307,user_13,10.0.0.5,login,2024-01-01T11:37:13
log_308,user_8,10.0.0.5,login,2024-01-01T12:13:28
log_309,user_7,10.0.0.5,login,2024-01-01T11:06:57
log_310,user_1,192.168.0.8,logout,2024-01-01T11:22:40
log_311,user_6,10.0.0.5,admin_access,2024-01-01T11:38:29
log_312,user_2,172.16.0.3,admin_access,2024-01-01T10:31:12
log_313,user_14,10.0.0.5,admin_access,2024-01-01T11:54:46
log_314,user_10,192.168.1.1,file_access,2024-01-01T10:31:24
log_315,user_10,10.0.0.5,admin_access,2024-01-01T11:18:45
log_316,user_15,172.16.0.3,login,2024-01-01T12:01:08
log_317,user_3,172.16.0.3,admin_access,2024-01-01T11:08:41
log_318,user_15,192.168.0.8,file_access,2024-01-01T11:30:06
log_319,user_5,10.0.0.5,login,2024-01-01T11:09:07
log_320,user_9,192.168.1.1,login,2024-01-01T10:26:40
log_321,user_19,10.0.0.5,file_access,2024-01-01T11:41:39
log_322,user_15,10.0.0.5,login,2024-01-01T12:03:26
log_323,user_15,192.168.0.8,logout,2024-01-01T11:58:26
log_324,user_3,10.0.0.5,logout,2024-01-01T11:37:12
log_325,user_20,192.168.0.8,login,2024-01-01T12:26:15
log_326,user_20,172.16.0.3,admin_access,2024-01-01T12:15:50
log_327,user_15,192.168.1.1,admin_access,2024-01-01T10:38:09
log_328,user_1,172.16.0.3,admin_access,2024-01-01T10:43:44
log_329,user_1,10.0.0.5,login,2024-01-01T12:28:03
log_330,user_18,192.168.1.1,file_access,2024-01-01T11:22:30
log_331,user_5,192.168.1.1,login,2024-01-01T11:39:18
log_332,user_9,192.168.0.8,admin_access,2024-01-01T12:46:00
log_333,user_4,10.0.0.5,file_access,2024-01-01T12:18:45
log_334,user_5,192.168.0.8,file_access,2024-01-01T11:17:56
log_335,user_5,192.168.0.8,file_access,2024-01-01T12:25:10
log_336,user_19,172.16.0.3,logout,2024-01-01T11:57:36
log_337,user_3,10.0.0.5,logout,2024-01-01T11:46:43
log_338,user_9,10.0.0.5,login,2024-01-01T11:13:14
log_339,user_20,10.0.0.5,login,2024-01-01T11:30:24
log_340,user_3,203.0.113.245,file_access,2024-01-01T11:13:40
log_341,user_14,10.0.0.5,login,2024-01-01T12:50:30
log_342,user_16,192.168.1.1,file_access,2024-01-01T10:45:36
log_343,user_16,172.16.0.3,file_access,2024-01-01T11:14:19
log_344,user_1,192.168.1.1,admin_access,2024-01-01T12:17:36
log_345,user_11,172.16.0.3,login,2024-01-01T11:20:30
log_346,user_8,172.16.0.3,logout,2024-01-01T10:51:54
log_347,user_18,172.16.0.3,admin_access,2024-01-01T12:53:30
log_348,user_17,192.168.0.8,file_access,2024-01-01T12:36:36
log_349,user_5,192.168.0.8,logout,2024-01-01T11:09:48
log_350,user_10,10.0.0.5,login,2024-01-01T12:49:10
log_351,user_13,192.168.1.1,file_access,2024-01-01T12:43:48
log_352,user_14,172.16.0.3,logout,2024-01-01T10:41:04
log_353,user_16,192.168.1.1,admin_access,2024-01-01T12:50:37
log_354,user_16,192.168.1.1,logout,2024-01-01T12:39:18
log_355,user_19,10.0.0.5,file_access,2024-01-01T12:45:40
log_356,user_17,192.168.1.1,admin_access,2024-01-01T10:59:20
log_357,user_7,192.168.0.8,file_access,2024-01-01T11:29:15
log_358,user_9,172.16.0.3,admin_access,2024-01-01T11:17:34
log_359,user_18,192.168.1.1,admin_access,2024-01-01T12:47:32
log_360,user_4,192.168.1.1,admin_access,2024-01-01T11:54:00
log_361,user_3,172.16.0.3,file_access,2024-01-01T10:30:05
log_362,user_11,192.168.1.1,admin_access,2024-01-01T11:36:32
log_363,user_9,192.168.0.8,file_access,2024-01-01T10:48:24
log_364,user_14,10.0.0.5,login,2024-01-01T11:06:44
log_365,user_12,10.0.0.5,admin_access,2024-01-01T11:43:25
log_366,user_2,192.168.1.1,admin_access,2024-01-01T12:38:36
log_367,user_17,172.16.0.3,file_access,2024-01-01T12:51:16
log_368,user_11,172.16.0.3,admin_access,2024-01-01T12:51:44
log_369,user_20,192.168.0.8,logout,2024-01-01T11:56:51
log_370,user_6,10.0.0.5,file_access,2024-01-01T12:52:40
log_371,user_10,192.168.1.1,admin_access,2024-01-01T12:28:24
log_372,user_16,192.168.1.1,login,2024-01-01T11:26:48
log_373,user_20,10.0.0.5,logout,2024-01-01T11:39:28
log_374,user_6,192.168.1.1,file_access,2024-01-01T11:52:12
log_375,user_10,192.168.0.8,logout,2024-01-01T11:15:00
log_376,user_16,172.16.0.3,logout,2024-01-01T10:43:52
log_377,user_11,172.16.0.3,login,2024-01-01T11:21:41
log_378,user_9,10.0.0.5,admin_access,2024-01-01T12:31:12
log_379,user_10,192.168.0.8,admin_access,2024-01-01T12:56:52
log_380,user_17,192.168.0.8,admin_access,2024-01-01T11:22:20
log_381,user_6,10.0.0.5,logout,2024-01-01T12:32:24
log_382,user_5,10.0.0.5,file_access,2024-01-01T10:38:12
log_383,user_7,172.16.0.3,logout,2024-01-01T11:03:50
log_384,user_16,192.168.0.8,admin_access,2024-01-01T12:08:00
log_385,user_7,172.16.0.3,logout,2024-01-01T11:55:30
log_386,user_9,172.16.0.3,admin_access,2024-01-01T10:45:02
log_387,user_14,172.16.0.3,login,2024-01-01T11:43:12
log_388,user_11,192.168.1.1,admin_access,2024-01-01T10:58:12
log_389,user_1,192.168.0.8,logout,2024-01-01T11:50:13
log_390,user_14,10.0.0.5,logout,2024-01-01T13:02:00
log_391,user_9,192.168.0.8,login,2024-01-01T10:32:35
log_392,user_1,10.0.0.5,admin_access,2024-01-01T11:44:32
log_393,user_11,192.168.0.8,login,2024-01-01T11:57:54
log_394,user_2,192.168.0.8,file_access,2024-01-01T11:12:14
log_395,user_9,172.16.0.3,file_access,2024-01-01T11:45:20
log_396,user_11,172.16.0.3,admin_access,2024-01-01T13:18:00
log_397,user_19,172.16.0.3,login,2024-01-01T11:39:15
log_398,user_5,192.168.0.8,admin_access,2024-01-01T11:06:20
log_399,user_18,172.16.0.3,file_access,2024-01-01T10:33:15
log_400,user_2,192.168.0.8,login,2024-01-01T11:06:40
log_401,user_10,172.16.0.3,logout,2024-01-01T12:40:24
log_402,user_19,192.168.0.8,file_access,2024-01-01T13:07:36
log_403,user_9,10.0.0.5,login,2024-01-01T10:47:01
log_404,user_5,10.0.0.5,admin_access,2024-01-01T12:21:24
log_405,user_12,10.0.0.5,admin_access,2024-01-01T11:41:15
log_406,user_11,192.168.0.8,login,2024-01-01T12:42:24
log_407,user_1,192.168.1.1,admin_access,2024-01-01T12:08:53
log_408,user_20,172.16.0.3,admin_access,2024-01-01T13:10:24
log_409,user_2,192.168.0.8,admin_access,2024-01-01T10:54:32
log_410,user_17,192.168.1.1,admin_access,2024-01-01T12:30:20
log_411,user_19,192.168.1.1,logout,2024-01-01T12:58:06
log_412,user_9,10.0.0.5,file_access,2024-01-01T11:36:08
log_413,user_18,10.0.0.5,login,2024-01-01T12:45:12
log_414,user_9,192.168.0.8,file_access,2024-01-01T12:04:12
log_415,user_8,192.168.1.1,login,2024-01-01T10:55:20
log_416,user_3,10.0.0.5,login,2024-01-01T10:34:40
log_417,user_18,172.16.0.3,file_access,2024-01-01T12:39:51
log_418,user_12,10.0.0.5,file_access,2024-01-01T10:55:44
log_419,user_6,192.168.1.1,file_access,2024-01-01T12:19:40
log_420,user_20,172.16.0.3,login,2024-01-01T10:49:00
log_421,user_14,192.168.1.1,login,2024-01-01T11:17:11
log_422,user_6,192.168.0.8,file_access,2024-01-01T12:41:46
log_423,user_18,192.168.0.8,login,2024-01-01T12:06:54
log_424,user_15,172.16.0.3,file_access,2024-01-01T13:10:48
log_425,user_14,172.16.0.3,admin_access,2024-01-01T11:32:05
log_426,user_18,192.168.1.1,file_access,2024-01-01T12:36:12
log_427,user_4,172.16.0.3,file_access,2024-01-01T13:12:09
log_428,user_5,192.168.1.1,login,2024-01-01T11:47:00
log_429,user_4,192.168.1.1,logout,2024-01-01T11:25:48
log_430,user_18,192.168.1.1,admin_access,2024-01-01T11:33:10
log_431,user_6,192.168.1.1,admin_access,2024-01-01T12:16:29
log_432,user_15,192.168.0.8,file_access,2024-01-01T13:28:48
log_433,user_11,192.168.1.1,login,2024-01-01T12:53:12
log_434,user_1,192.168.0.8,admin_access,2024-01-01T13:15:18
log_435,user_6,192.168.0.8,file_access,2024-01-01T11:41:30
log_436,user_3,172.16.0.3,login,2024-01-01T12:39:52
log_437,user_16,10.0.0.5,logout,2024-01-01T11:20:07
log_438,user_15,10.0.0.5,file_access,2024-01-01T11:34:54
log_439,user_14,10.0.0.5,login,2024-01-01T10:36:35
log_440,user_2,172.16.0.3,file_access,2024-01-01T13:03:20
log_441,user_16,10.0.0.5,admin_access,2024-01-01T13:40:30
log_442,user_5,192.168.1.1,login,2024-01-01T13:11:32
log_443,user_16,10.0.0.5,file_access,2024-01-01T12:12:54
log_444,user_9,192.168.1.1,admin_access,2024-01-01T11:14:00
log_445,user_12,192.168.0.8,admin_access,2024-01-01T13:27:40
log_446,user_11,192.168.1.1,logout,2024-01-01T11:58:56
log_447,user_3,172.16.0.3,file_access,2024-01-01T11:51:45
log_448,user_14,172.16.0.3,admin_access,2024-01-01T12:51:44
log_449,user_11,10.0.0.5,admin_access,2024-01-01T12:22:11
log_450,user_18,172.16.0.3,login,2024-01-01T12:22:30
log_451,user_12,172.16.0.3,file_access,2024-01-01T11:22:41
log_452,user_2,203.0.113.212,file_access,2024-01-01T12:53:16
log_453,user_8,192.168.1.1,file_access,2024-01-01T11:38:09
log_454,user_3,192.168.0.8,file_access,2024-01-01T12:01:04
log_455,user_20,172.16.0.3,admin_access,2024-01-01T11:31:00
log_456,user_6,192.168.1.1,admin_access,2024-01-01T11:31:12
log_457,user_10,172.16.0.3,admin_access,2024-01-01T13:18:02
log_458,user_10,172.16.0.3,admin_access,2024-01-01T12:32:40
log_459,user_9,172.16.0.3,admin_access,2024-01-01T13:18:54
log_460,user_8,10.0.0.5,login,2024-01-01T12:18:00
log_461,user_17,10.0.0.5,admin_access,2024-01-01T11:55:15
log_462,user_2,192.168.0.8,admin_access,2024-01-01T11:47:48
log_463,user_11,10.0.0.5,logout,2024-01-01T11:32:36
log_464,user_10,192.168.0.8,file_access,2024-01-01T10:38:40
log_465,user_20,172.16.0.3,logout,2024-01-01T13:52:30
log_466,user_2,172.16.0.3,logout,2024-01-01T12:04:16
log_467,user_17,192.168.0.8,login,2024-01-01T12:12:19
log_468,user_12,192.168.1.1,file_access,2024-01-01T12:36:00
log_469,user_20,10.0.0.5,logout,2024-01-01T13:07:36
log_470,user_12,10.0.0.5,file_access,2024-01-01T10:47:00
log_471,user_18,172.16.0.3,logout,2024-01-01T12:05:36
log_472,user_14,192.168.0.8,login,2024-01-01T11:02:56
log_473,user_9,172.16.0.3,logout,2024-01-01T12:14:01
log_474,user_10,172.16.0.3,login,2024-01-01T11:58:30
log_475,user_12,192.168.0.8,admin_access,2024-01-01T13:02:05
log_476,user_6,192.168.1.1,logout,2024-01-01T11:59:00
log_477,user_13,172.16.0.3,login,2024-01-01T12:15:09
log_478,user_10,192.168.0.8,file_access,2024-01-01T11:27:38
log_479,user_14,192.168.1.1,file_access,2024-01-01T13:43:32
log_480,user_9,192.168.1.1,file_access,2024-01-01T10:40:00
log_481,user_10,172.16.0.3,logout,2024-01-01T13:36:27
log_482,user_18,192.168.1.1,file_access,2024-01-01T12:56:44
log_483,user_14,172.16.0.3,login,2024-01-01T12:08:48
log_484,user_14,10.0.0.5,logout,2024-01-01T11:28:44
log_485,user_3,10.0.0.5,admin_access,2024-01-01T11:28:55
log_486,user_4,203.0.113.229,admin_access,2024-01-01T11:29:06
log_487,user_12,192.168.0.8,file_access,2024-01-01T13:14:48
log_488,user_4,192.168.1.1,logout,2024-01-01T11:53:52
log_489,user_6,192.168.1.1,admin_access,2024-01-01T13:48:12
log_490,user_10,192.168.0.8,file_access,2024-01-01T13:48:40
log_491,user_14,10.0.0.5,admin_access,2024-01-01T13:32:46
log_492,user_5,172.16.0.3,admin_access,2024-01-01T12:44:00
log_493,user_2,172.16.0.3,login,2024-01-01T13:08:59
log_494,user_16,192.168.0.8,admin_access,2024-01-01T13:42:18
log_495,user_9,203.0.113.108,logout,2024-01-01T13:01:30
log_496,user_2,10.0.0.5,login,2024-01-01T12:20:32
log_497,user_11,172.16.0.3,file_access,2024-01-01T10:49:42
log_498,user_3,192.168.1.1,admin_access,2024-01-01T12:04:30
log_499,user_10,192.168.0.8,file_access,2024-01-01T10:41:35
log_500,user_17,10.0.0.5,file_access,2024-01-01T11:15:00
log_501,user_7,192.168.1.1,login,2024-01-01T13:03:42
log_502,user_8,192.168.1.1,file_access,2024-01-01T11:32:02
log_503,user_16,172.16.0.3,logout,2024-01-01T13:46:21
log_504,user_17,10.0.0.5,login,2024-01-01T11:57:36
log_505,user_8,172.16.0.3,logout,2024-01-01T12:06:15
log_506,user_13,192.168.1.1,admin_access,2024-01-01T12:57:06
log_507,user_11,192.168.1.1,login,2024-01-01T11:32:57
log_508,user_7,203.0.113.241,admin_access,2024-01-01T12:32:24
log_509,user_3,10.0.0.5,logout,2024-01-01T11:07:52
log_510,user_13,10.0.0.5,login,2024-01-01T12:41:30
log_511,user_2,172.16.0.3,file_access,2024-01-01T13:32:55
log_512,user_14,192.168.0.8,login,2024-01-01T11:25:20
log_513,user_1,192.168.1.1,logout,2024-01-01T12:08:15
log_514,user_19,10.0.0.5,logout,2024-01-01T11:17:06
log_515,user_19,192.168.0.8,admin_access,2024-01-01T11:00:05
log_516,user_14,172.16.0.3,admin_access,2024-01-01T13:43:36
log_517,user_1,172.16.0.3,logout,2024-01-01T14:01:16
log_518,user_14,192.168.0.8,admin_access,2024-01-01T12:09:30
log_519,user_15,172.16.0.3,admin_access,2024-01-01T11:35:09
log_520,user_6,192.168.1.1,login,2024-01-01T14:20:00
log_521,user_1,10.0.0.5,admin_access,2024-01-01T11:44:12
log_522,user_15,172.16.0.3,login,2024-01-01T14:03:36
log_523,user_1,10.0.0.5,file_access,2024-01-01T11:27:10
log_524,user_4,203.0.113.1,logout,2024-01-01T10:43:40
log_525,user_6,192.168.1.1,file_access,2024-01-01T12:28:45
log_526,user_11,10.0.0.5,admin_access,2024-01-01T12:02:44
log_527,user_4,10.0.0.5,file_access,2024-01-01T11:45:24
log_528,user_20,192.168.1.1,admin_access,2024-01-01T14:15:12
log_529,user_6,192.168.0.8,logout,2024-01-01T13:58:03
log_530,user_12,10.0.0.5,logout,2024-01-01T11:46:00
log_531,user_12,10.0.0.5,file_access,2024-01-01T14:25:30
log_532,user_1,10.0.0.5,login,2024-01-01T12:48:28
log_533,user_5,172.16.0.3,logout,2024-01-01T11:28:50
log_534,user_1,192.168.0.8,logout,2024-01-01T14:27:00
log_535,user_6,10.0.0.5,login,2024-01-01T12:04:50
log_536,user_1,192.168.0.8,logout,2024-01-01T13:16:32
log_537,user_17,192.168.1.1,login,2024-01-01T10:44:45
log_538,user_13,192.168.1.1,admin_access,2024-01-01T11:56:34
log_539,user_16,192.168.0.8,file_access,2024-01-01T12:50:41
log_540,user_19,203.0.113.138,logout,2024-01-01T11:03:00
log_541,user_12,10.0.0.5,file_access,2024-01-01T14:03:27
log_542,user_3,192.168.1.1,login,2024-01-01T13:36:48
log_543,user_8,172.16.0.3,admin_access,2024-01-01T13:55:18
log_544,user_6,192.168.1.1,file_access,2024-01-01T14:13:52
log_545,user_20,172.16.0.3,logout,2024-01-01T13:01:40
log_546,user_15,172.16.0.3,logout,2024-01-01T14:33:00
log_547,user_5,10.0.0.5,admin_access,2024-01-01T14:15:16
log_548,user_2,172.16.0.3,logout,2024-01-01T13:30:04
log_549,user_19,192.168.1.1,logout,2024-01-01T12:17:15
log_550,user_16,192.168.0.8,admin_access,2024-01-01T14:35:00
log_551,user_9,192.168.0.8,file_access,2024-01-01T12:08:34
log_552,user_6,172.16.0.3,logout,2024-01-01T14:17:36
log_553,user_20,172.16.0.3,admin_access,2024-01-01T13:31:59
log_554,user_19,192.168.0.8,file_access,2024-01-01T10:55:24
log_555,user_9,172.16.0.3,login,2024-01-01T10:46:15
log_556,user_7,192.168.0.8,logout,2024-01-01T13:05:20
log_557,user_13,203.0.113.240,logout,2024-01-01T10:55:42
log_558,user_8,192.168.1.1,logout,2024-01-01T14:20:24
log_559,user_6,192.168.0.8,login,2024-01-01T14:02:14
log_560,user_7,172.16.0.3,logout,2024-01-01T13:06:40
log_561,user_20,192.168.0.8,file_access,2024-01-01T10:56:06
log_562,user_9,192.168.1.1,file_access,2024-01-01T12:48:36
log_563,user_7,192.168.1.1,login,2024-01-01T12:58:17
log_564,user_14,203.0.113.177,file_access,2024-01-01T12:39:48
log_565,user_9,172.16.0.3,logout,2024-01-01T11:15:20
log_566,user_6,172.16.0.3,login,2024-01-01T11:53:12
log_567,user_15,172.16.0.3,file_access,2024-01-01T13:09:00
log_568,user_18,192.168.1.1,file_access,2024-01-01T13:09:20
log_569,user_6,192.168.0.8,logout,2024-01-01T11:06:23
log_570,user_3,192.168.0.8,logout,2024-01-01T12:51:00
log_571,user_18,192.168.0.8,file_access,2024-01-01T11:16:08
log_572,user_5,192.168.1.1,admin_access,2024-01-01T12:03:56
log_573,user_20,10.0.0.5,logout,2024-01-01T10:47:45
log_574,user_20,192.168.1.1,admin_access,2024-01-01T13:40:02
log_575,user_9,203.0.113.241,login,2024-01-01T10:57:30
log_576,user_10,10.0.0.5,logout,2024-01-01T13:21:36
log_577,user_20,192.168.1.1,login,2024-01-01T11:16:56
log_578,user_13,172.16.0.3,file_access,2024-01-01T13:31:56
log_579,user_20,192.168.0.8,file_access,2024-01-01T13:51:36
log_580,user_1,192.168.1.1,file_access,2024-01-01T14:01:40
log_581,user_18,192.168.1.1,logout,2024-01-01T14:02:05
log_582,user_16,192.168.0.8,logout,2024-01-01T13:33:24
log_583,user_11,172.16.0.3,file_access,2024-01-01T12:54:54
log_584,user_9,172.16.0.3,logout,2024-01-01T13:53:36
log_585,user_19,192.168.1.1,file_access,2024-01-01T12:55:30
log_586,user_10,192.168.0.8,file_access,2024-01-01T14:04:10
log_587,user_20,192.168.0.8,admin_access,2024-01-01T12:07:11
log_588,user_11,192.168.1.1,file_access,2024-01-01T11:38:00
log_589,user_11,192.168.0.8,admin_access,2024-01-01T11:38:10
log_590,user_9,192.168.1.1,file_access,2024-01-01T11:38:20
log_591,user_15,192.168.0.8,logout,2024-01-01T14:55:30
log_592,user_19,192.168.0.8,logout,2024-01-01T12:08:16
log_593,user_13,203.0.113.42,logout,2024-01-01T14:16:58
log_594,user_12,172.16.0.3,logout,2024-01-01T11:29:06
log_595,user_16,172.16.0.3,admin_access,2024-01-01T11:49:05
log_596,user_18,10.0.0.5,logout,2024-01-01T13:28:36
log_597,user_13,172.16.0.3,file_access,2024-01-01T11:29:33
log_598,user_2,192.168.0.8,admin_access,2024-01-01T12:09:34
log_599,user_17,192.168.1.1,admin_access,2024-01-01T10:49:55
log_600,user_15,192.168.1.1,admin_access,2024-01-01T13:40:00
log_601,user_19,172.16.0.3,file_access,2024-01-01T13:20:20
log_602,user_11,172.16.0.3,admin_access,2024-01-01T10:50:10
log_603,user_9,10.0.0.5,admin_access,2024-01-01T11:10:21
log_604,user_18,10.0.0.5,logout,2024-01-01T14:51:56
log_605,user_14,192.168.0.8,admin_access,2024-01-01T15:02:30
log_606,user_13,10.0.0.5,file_access,2024-01-01T13:42:12
log_607,user_4,192.168.0.8,file_access,2024-01-01T12:11:31
log_608,user_14,192.168.1.1,admin_access,2024-01-01T12:11:44
log_609,user_10,10.0.0.5,file_access,2024-01-01T15:04:30
log_610,user_8,192.168.1.1,admin_access,2024-01-01T13:13:10
log_611,user_12,10.0.0.5,logout,2024-01-01T12:42:56
log_612,user_11,192.168.1.1,file_access,2024-01-01T12:53:24
log_613,user_10,10.0.0.5,login,2024-01-01T14:25:38
log_614,user_7,192.168.0.8,admin_access,2024-01-01T11:32:06
log_615,user_15,192.168.0.8,admin_access,2024-01-01T13:45:30
log_616,user_4,192.168.1.1,login,2024-01-01T11:32:24
log_617,user_14,10.0.0.5,file_access,2024-01-01T13:15:23
log_618,user_1,172.16.0.3,logout,2024-01-01T14:38:06
log_619,user_3,192.168.0.8,login,2024-01-01T11:43:10
log_620,user_20,192.168.1.1,admin_access,2024-01-01T15:10:00
log_621,user_5,192.168.1.1,file_access,2024-01-01T15:00:09
log_622,user_3,10.0.0.5,admin_access,2024-01-01T14:50:16
log_623,user_7,10.0.0.5,login,2024-01-01T11:54:13
log_624,user_2,172.16.0.3,login,2024-01-01T13:28:00
log_625,user_10,192.168.1.1,login,2024-01-01T12:57:05
log_626,user_10,10.0.0.5,login,2024-01-01T12:15:38
log_627,user_14,10.0.0.5,logout,2024-01-01T14:10:48
log_628,user_15,192.168.0.8,logout,2024-01-01T13:08:24
log_629,user_13,192.168.0.8,logout,2024-01-01T11:44:50
log_630,user_1,172.16.0.3,logout,2024-01-01T11:24:00
log_631,user_12,10.0.0.5,file_access,2024-01-01T13:30:20
log_632,user_9,10.0.0.5,logout,2024-01-01T11:34:48
log_633,user_18,192.168.1.1,file_access,2024-01-01T15:05:57
log_634,user_15,192.168.1.1,admin_access,2024-01-01T14:45:18
log_635,user_6,203.0.113.71,file_access,2024-01-01T12:17:35
log_636,user_18,192.168.1.1,login,2024-01-01T13:42:36
log_637,user_20,192.168.1.1,file_access,2024-01-01T14:04:11
log_638,user_8,10.0.0.5,file_access,2024-01-01T14:36:28
log_639,user_1,172.16.0.3,admin_access,2024-01-01T12:29:06
log_640,user_18,192.168.0.8,login,2024-01-01T11:25:20
log_641,user_1,10.0.0.5,logout,2024-01-01T11:25:28
log_642,user_6,172.16.0.3,logout,2024-01-01T11:36:18
log_643,user_9,10.0.0.5,admin_access,2024-01-01T11:15:01
log_644,user_9,192.168.1.1,logout,2024-01-01T11:47:20
log_645,user_14,10.0.0.5,logout,2024-01-01T13:13:30
log_646,user_11,172.16.0.3,file_access,2024-01-01T12:09:12
log_647,user_17,192.168.0.8,file_access,2024-01-01T12:52:32
log_648,user_13,172.16.0.3,login,2024-01-01T15:24:00
log_649,user_15,172.16.0.3,file_access,2024-01-01T12:20:37
log_650,user_19,192.168.0.8,login,2024-01-01T14:09:10
log_651,user_4,192.168.0.8,logout,2024-01-01T14:09:33
log_652,user_8,172.16.0.3,admin_access,2024-01-01T15:04:16
log_653,user_5,192.168.1.1,admin_access,2024-01-01T11:27:04
log_654,user_10,192.168.0.8,file_access,2024-01-01T11:05:24
log_655,user_18,10.0.0.5,logout,2024-01-01T15:27:30
log_656,user_10,10.0.0.5,logout,2024-01-01T12:00:16
log_657,user_20,10.0.0.5,login,2024-01-01T14:11:51
log_658,user_5,192.168.1.1,file_access,2024-01-01T12:22:34
log_659,user_15,10.0.0.5,login,2024-01-01T15:07:32
log_660,user_20,172.16.0.3,login,2024-01-01T10:55:00
log_661,user_19,172.16.0.3,admin_access,2024-01-01T12:23:13
log_662,user_11,10.0.0.5,login,2024-01-01T15:31:00
log_663,user_1,172.16.0.3,admin_access,2024-01-01T13:07:51
log_664,user_2,192.168.0.8,admin_access,2024-01-01T13:08:08
log_665,user_15,192.168.0.8,login,2024-01-01T15:21:25
log_666,user_17,172.16.0.3,admin_access,2024-01-01T14:26:24
log_667,user_7,172.16.0.3,file_access,2024-01-01T14:15:41
log_668,user_9,172.16.0.3,login,2024-01-01T13:09:16
log_669,user_13,192.168.1.1,file_access,2024-01-01T15:23:21
log_670,user_7,10.0.0.5,admin_access,2024-01-01T14:28:00
log_671,user_15,10.0.0.5,login,2024-01-01T11:07:06
log_672,user_15,192.168.0.8,admin_access,2024-01-01T14:40:00
log_673,user_5,192.168.0.8,file_access,2024-01-01T12:48:15
log_674,user_17,192.168.1.1,admin_access,2024-01-01T15:25:46
log_675,user_18,192.168.1.1,login,2024-01-01T12:37:30
log_676,user_20,192.168.0.8,login,2024-01-01T12:37:44
log_677,user_11,172.16.0.3,login,2024-01-01T12:04:07
log_678,user_5,10.0.0.5,admin_access,2024-01-01T14:53:48
log_679,user_15,192.168.0.8,login,2024-01-01T15:39:30
log_680,user_17,10.0.0.5,logout,2024-01-01T14:32:00
log_681,user_2,192.168.1.1,logout,2024-01-01T12:38:54
log_682,user_2,192.168.1.1,admin_access,2024-01-01T13:35:58
log_683,user_10,192.168.0.8,admin_access,2024-01-01T14:55:58
log_684,user_3,172.16.0.3,login,2024-01-01T13:59:24
log_685,user_16,203.0.113.244,file_access,2024-01-01T12:28:25
log_686,user_16,172.16.0.3,admin_access,2024-01-01T11:08:36
log_687,user_13,10.0.0.5,logout,2024-01-01T14:11:54
log_688,user_15,192.168.0.8,admin_access,2024-01-01T13:49:20
log_689,user_15,172.16.0.3,file_access,2024-01-01T11:20:23
log_690,user_15,203.0.113.13,logout,2024-01-01T15:33:30
log_691,user_20,192.168.1.1,login,2024-01-01T14:01:51
log_692,user_16,192.168.1.1,admin_access,2024-01-01T13:04:32
log_693,user_4,192.168.1.1,logout,2024-01-01T15:34:57
log_694,user_1,10.0.0.5,login,2024-01-01T15:35:26
log_695,user_10,192.168.1.1,login,2024-01-01T11:55:50
log_696,user_3,10.0.0.5,admin_access,2024-01-01T15:13:12
log_697,user_13,192.168.1.1,admin_access,2024-01-01T14:38:48
log_698,user_6,10.0.0.5,admin_access,2024-01-01T15:25:44
log_699,user_16,172.16.0.3,file_access,2024-01-01T13:18:03
log_700,user_11,172.16.0.3,logout,2024-01-01T15:38:20
log_701,user_12,10.0.0.5,file_access,2024-01-01T10:58:25
log_702,user_6,192.168.1.1,logout,2024-01-01T14:05:42
log_703,user_7,10.0.0.5,logout,2024-01-01T14:17:46
log_704,user_1,192.168.0.8,file_access,2024-01-01T13:54:40
log_705,user_17,192.168.0.8,logout,2024-01-01T14:18:30
log_706,user_12,10.0.0.5,admin_access,2024-01-01T13:43:34
log_707,user_17,192.168.0.8,file_access,2024-01-01T12:09:37
log_708,user_18,192.168.0.8,file_access,2024-01-01T10:59:00
log_709,user_5,192.168.0.8,admin_access,2024-01-01T14:31:47
log_710,user_20,10.0.0.5,logout,2024-01-01T14:55:50
log_711,user_10,192.168.0.8,admin_access,2024-01-01T12:57:45
log_712,user_20,10.0.0.5,file_access,2024-01-01T15:32:16
log_713,user_7,192.168.1.1,file_access,2024-01-01T14:21:26
log_714,user_8,192.168.1.1,logout,2024-01-01T14:09:54
log_715,user_2,192.168.1.1,admin_access,2024-01-01T12:34:55
log_716,user_17,192.168.0.8,file_access,2024-01-01T14:34:28
log_717,user_17,203.0.113.185,logout,2024-01-01T13:35:06
log_718,user_1,192.168.1.1,login,2024-01-01T12:47:32
log_719,user_10,192.168.0.8,admin_access,2024-01-01T11:23:53
log_720,user_3,192.168.0.8,login,2024-01-01T15:24:00
log_721,user_1,203.0.113.109,logout,2024-01-01T15:48:29
log_722,user_1,192.168.1.1,file_access,2024-01-01T14:00:40
log_723,user_18,10.0.0.5,admin_access,2024-01-01T11:00:15
log_724,user_7,172.16.0.3,logout,2024-01-01T12:36:52
log_725,user_17,10.0.0.5,logout,2024-01-01T12:37:05
log_726,user_6,192.168.1.1,logout,2024-01-01T12:01:00
log_727,user_1,10.0.0.5,login,2024-01-01T12:13:17
log_728,user_18,172.16.0.3,file_access,2024-01-01T13:14:08
log_729,user_7,10.0.0.5,admin_access,2024-01-01T15:52:21
log_730,user_10,192.168.0.8,login,2024-01-01T13:39:00
log_731,user_6,172.16.0.3,logout,2024-01-01T15:04:35
log_732,user_14,192.168.0.8,login,2024-01-01T15:53:48
log_733,user_8,192.168.1.1,file_access,2024-01-01T14:53:12
log_734,user_12,203.0.113.177,file_access,2024-01-01T14:16:54
log_735,user_3,172.16.0.3,logout,2024-01-01T15:06:15
log_736,user_19,192.168.0.8,logout,2024-01-01T11:50:24
log_737,user_11,192.168.0.8,admin_access,2024-01-01T11:25:59
log_738,user_4,10.0.0.5,logout,2024-01-01T14:30:36
log_739,user_6,10.0.0.5,login,2024-01-01T15:20:14
log_740,user_5,192.168.0.8,logout,2024-01-01T14:56:00
log_741,user_10,192.168.0.8,file_access,2024-01-01T15:58:09
log_742,user_19,192.168.1.1,admin_access,2024-01-01T15:58:38
log_743,user_6,192.168.1.1,admin_access,2024-01-01T14:07:40
log_744,user_15,172.16.0.3,login,2024-01-01T12:04:00
log_745,user_7,10.0.0.5,logout,2024-01-01T14:33:10
log_746,user_2,192.168.1.1,admin_access,2024-01-01T14:33:32
log_747,user_6,172.16.0.3,login,2024-01-01T12:29:24
log_748,user_16,10.0.0.5,login,2024-01-01T12:54:32
log_749,user_13,192.168.0.8,file_access,2024-01-01T16:02:01
log_750,user_15,172.16.0.3,logout,2024-01-01T11:40:00
log_751,user_7,192.168.1.1,admin_access,2024-01-01T13:45:18
log_752,user_12,10.0.0.5,login,2024-01-01T13:20:32
log_753,user_2,192.168.0.8,file_access,2024-01-01T15:01:12
log_754,user_8,172.16.0.3,admin_access,2024-01-01T14:23:54
log_755,user_10,172.16.0.3,file_access,2024-01-01T12:18:25
log_756,user_5,172.16.0.3,logout,2024-01-01T15:27:36
log_757,user_5,172.16.0.3,file_access,2024-01-01T12:31:24
log_758,user_10,192.168.0.8,logout,2024-01-01T15:03:12
log_759,user_4,192.168.0.8,login,2024-01-01T11:53:51
log_760,user_19,192.168.0.8,admin_access,2024-01-01T15:54:40
log_761,user_16,10.0.0.5,login,2024-01-01T15:29:46
log_762,user_19,203.0.113.216,login,2024-01-01T12:45:06
log_763,user_19,192.168.0.8,login,2024-01-01T12:58:02
log_764,user_1,192.168.0.8,file_access,2024-01-01T14:40:08
log_765,user_6,10.0.0.5,admin_access,2024-01-01T12:20:15
log_766,user_16,172.16.0.3,file_access,2024-01-01T14:02:34
log_767,user_20,172.16.0.3,logout,2024-01-01T11:55:03
log_768,user_13,10.0.0.5,file_access,2024-01-01T14:54:24
log_769,user_4,192.168.0.8,admin_access,2024-01-01T15:58:52
log_770,user_14,10.0.0.5,logout,2024-01-01T16:25:00
log_771,user_15,10.0.0.5,logout,2024-01-01T11:17:06
log_772,user_15,192.168.1.1,file_access,2024-01-01T14:04:28
log_773,user_4,203.0.113.34,admin_access,2024-01-01T13:39:01
log_774,user_9,172.16.0.3,file_access,2024-01-01T16:27:00
log_775,user_20,192.168.0.8,login,2024-01-01T15:48:45
log_776,user_16,172.16.0.3,login,2024-01-01T15:10:24
log_777,user_10,192.168.1.1,login,2024-01-01T12:09:30
log_778,user_18,172.16.0.3,admin_access,2024-01-01T14:58:14
log_779,user_3,172.16.0.3,admin_access,2024-01-01T14:45:38
log_780,user_20,192.168.1.1,logout,2024-01-01T14:46:00
log_781,user_19,192.168.1.1,logout,2024-01-01T13:15:15
log_782,user_10,172.16.0.3,file_access,2024-01-01T13:28:32
log_783,user_20,203.0.113.84,logout,2024-01-01T15:26:15
log_784,user_16,10.0.0.5,login,2024-01-01T12:23:44
log_785,user_17,10.0.0.5,file_access,2024-01-01T13:29:20
log_786,user_13,10.0.0.5,login,2024-01-01T14:48:12
log_787,user_3,192.168.1.1,admin_access,2024-01-01T12:50:31
log_788,user_14,10.0.0.5,file_access,2024-01-01T11:31:56
log_789,user_12,192.168.0.8,logout,2024-01-01T15:41:54
log_790,user_19,192.168.0.8,logout,2024-01-01T14:49:40
log_791,user_16,10.0.0.5,login,2024-01-01T12:38:12
log_792,user_12,172.16.0.3,admin_access,2024-01-01T14:10:48
log_793,user_3,172.16.0.3,admin_access,2024-01-01T16:36:30
log_794,user_4,10.0.0.5,login,2024-01-01T12:38:48
log_795,user_3,172.16.0.3,admin_access,2024-01-01T14:11:45
log_796,user_13,192.168.0.8,admin_access,2024-01-01T15:44:56
log_797,user_17,10.0.0.5,admin_access,2024-01-01T13:19:15
log_798,user_9,172.16.0.3,login,2024-01-01T16:25:42
log_799,user_16,192.168.1.1,login,2024-01-01T12:39:48
log_800,user_1,192.168.0.8,logout,2024-01-01T15:20:00
log_801,user_11,10.0.0.5,admin_access,2024-01-01T11:20:06
log_802,user_17,192.168.0.8,admin_access,2024-01-01T14:54:04
log_803,user_17,192.168.1.1,login,2024-01-01T12:27:13
log_804,user_20,192.168.0.8,logout,2024-01-01T14:14:36
log_805,user_1,172.16.0.3,logout,2024-01-01T14:01:30
log_806,user_4,192.168.0.8,logout,2024-01-01T13:21:30
log_807,user_7,172.16.0.3,admin_access,2024-01-01T13:48:39
log_808,user_1,192.168.1.1,login,2024-01-01T16:03:36
log_809,user_11,192.168.1.1,admin_access,2024-01-01T11:07:25
log_810,user_18,192.168.0.8,login,2024-01-01T14:57:00
log_811,user_10,192.168.1.1,logout,2024-01-01T12:15:10
log_812,user_18,10.0.0.5,login,2024-01-01T11:21:12
log_813,user_18,192.168.1.1,logout,2024-01-01T16:46:30
log_814,user_17,10.0.0.5,login,2024-01-01T15:25:36
log_815,user_17,192.168.0.8,logout,2024-01-01T12:15:50
log_816,user_17,172.16.0.3,logout,2024-01-01T16:34:24
log_817,user_4,192.168.1.1,admin_access,2024-01-01T16:34:53
log_818,user_4,10.0.0.5,login,2024-01-01T15:27:12
log_819,user_16,172.16.0.3,file_access,2024-01-01T12:16:30
log_820,user_19,10.0.0.5,file_access,2024-01-01T11:08:20
log_821,user_1,172.16.0.3,logout,2024-01-01T12:03:09
log_822,user_19,192.168.0.8,logout,2024-01-01T12:03:18
log_823,user_9,172.16.0.3,login,2024-01-01T16:37:47
log_824,user_6,10.0.0.5,logout,2024-01-01T16:52:00
log_825,user_9,172.16.0.3,login,2024-01-01T12:03:45
log_826,user_19,172.16.0.3,logout,2024-01-01T12:58:58
log_827,user_8,192.168.1.1,login,2024-01-01T15:17:01
log_828,user_14,10.0.0.5,file_access,2024-01-01T11:09:00
log_829,user_16,192.168.0.8,logout,2024-01-01T12:45:48
log_830,user_20,192.168.1.1,file_access,2024-01-01T12:18:20
log_831,user_5,10.0.0.5,file_access,2024-01-01T12:18:30
log_832,user_7,172.16.0.3,file_access,2024-01-01T16:14:24
log_833,user_3,172.16.0.3,logout,2024-01-01T15:19:19
log_834,user_12,192.168.0.8,file_access,2024-01-01T14:24:06
log_835,user_15,172.16.0.3,file_access,2024-01-01T13:00:55
log_836,user_12,172.16.0.3,login,2024-01-01T13:42:56
log_837,user_17,192.168.0.8,admin_access,2024-01-01T15:06:54
log_838,user_17,10.0.0.5,admin_access,2024-01-01T16:03:08
log_839,user_20,172.16.0.3,file_access,2024-01-01T12:19:50
log_840,user_9,10.0.0.5,logout,2024-01-01T12:48:00
log_841,user_3,203.0.113.160,admin_access,2024-01-01T17:00:30
log_842,user_11,192.168.1.1,file_access,2024-01-01T13:16:28
log_843,user_15,192.168.1.1,logout,2024-01-01T12:20:30
log_844,user_15,192.168.1.1,file_access,2024-01-01T14:13:12
log_845,user_3,192.168.0.8,admin_access,2024-01-01T12:49:00
log_846,user_20,172.16.0.3,admin_access,2024-01-01T17:03:00
log_847,user_9,192.168.1.1,admin_access,2024-01-01T16:49:23
log_848,user_18,203.0.113.124,logout,2024-01-01T14:42:40
log_849,user_18,192.168.0.8,admin_access,2024-01-01T14:43:00
log_850,user_16,192.168.0.8,logout,2024-01-01T14:43:20
log_851,user_11,192.168.0.8,admin_access,2024-01-01T16:37:08
log_852,user_18,172.16.0.3,file_access,2024-01-01T17:06:00
log_853,user_16,10.0.0.5,file_access,2024-01-01T15:26:59
log_854,user_8,192.168.0.8,admin_access,2024-01-01T11:25:24
log_855,user_14,192.168.1.1,logout,2024-01-01T13:19:30
log_856,user_14,172.16.0.3,logout,2024-01-01T13:34:00
log_857,user_1,172.16.0.3,logout,2024-01-01T15:57:05
log_858,user_12,172.16.0.3,login,2024-01-01T15:57:30
log_859,user_14,10.0.0.5,login,2024-01-01T12:37:29
log_860,user_1,172.16.0.3,logout,2024-01-01T11:40:20
log_861,user_20,192.168.1.1,logout,2024-01-01T16:27:27
log_862,user_17,192.168.0.8,admin_access,2024-01-01T13:06:46
log_863,user_11,172.16.0.3,login,2024-01-01T11:26:18
log_864,user_19,192.168.1.1,login,2024-01-01T13:36:00
log_865,user_11,192.168.0.8,logout,2024-01-01T11:26:30
log_866,user_20,172.16.0.3,file_access,2024-01-01T17:13:00
log_867,user_4,172.16.0.3,file_access,2024-01-01T15:32:21
log_868,user_20,203.0.113.65,admin_access,2024-01-01T12:10:12
log_869,user_6,192.168.1.1,admin_access,2024-01-01T11:26:54
log_870,user_17,10.0.0.5,file_access,2024-01-01T17:00:30
log_871,user_11,192.168.1.1,login,2024-01-01T14:35:49
log_872,user_20,192.168.0.8,admin_access,2024-01-01T16:17:52
log_873,user_17,172.16.0.3,logout,2024-01-01T14:21:54
log_874,user_15,172.16.0.3,file_access,2024-01-01T12:11:06
log_875,user_16,192.168.0.8,login,2024-01-01T15:06:15
log_876,user_6,10.0.0.5,admin_access,2024-01-01T14:37:24
log_877,user_9,10.0.0.5,file_access,2024-01-01T16:05:25
log_878,user_16,192.168.1.1,admin_access,2024-01-01T14:08:46
log_879,user_16,192.168.1.1,admin_access,2024-01-01T11:27:54
log_880,user_18,172.16.0.3,logout,2024-01-01T11:28:00
log_881,user_11,172.16.0.3,admin_access,2024-01-01T14:38:59
log_882,user_2,192.168.0.8,admin_access,2024-01-01T17:06:18
log_883,user_13,172.16.0.3,logout,2024-01-01T15:09:03
log_884,user_10,203.0.113.29,admin_access,2024-01-01T11:57:52
log_885,user_7,192.168.1.1,admin_access,2024-01-01T15:09:45
log_886,user_18,10.0.0.5,login,2024-01-01T16:38:42
log_887,user_14,192.168.0.8,file_access,2024-01-01T17:08:43
log_888,user_20,172.16.0.3,file_access,2024-01-01T12:42:48
log_889,user_14,10.0.0.5,admin_access,2024-01-01T13:57:04
log_890,user_6,172.16.0.3,admin_access,2024-01-01T13:27:40
log_891,user_15,10.0.0.5,login,2024-01-01T16:11:15
log_892,user_10,10.0.0.5,admin_access,2024-01-01T12:43:32
log_893,user_17,192.168.1.1,file_access,2024-01-01T11:44:11
log_894,user_16,192.168.1.1,admin_access,2024-01-01T17:27:00
log_895,user_2,192.168.1.1,login,2024-01-01T17:27:30
log_896,user_9,172.16.0.3,admin_access,2024-01-01T13:29:04
log_897,user_1,172.16.0.3,login,2024-01-01T12:29:30
log_898,user_6,10.0.0.5,file_access,2024-01-01T14:59:20
log_899,user_12,192.168.1.1,admin_access,2024-01-01T12:14:51
log_900,user_7,172.16.0.3,logout,2024-01-01T14:45:00
log_901,user_1,192.168.1.1,logout,2024-01-01T15:30:22
log_902,user_13,172.16.0.3,login,2024-01-01T14:45:38
log_903,user_9,192.168.1.1,login,2024-01-01T15:46:09
log_904,user_19,10.0.0.5,admin_access,2024-01-01T13:46:00
log_905,user_16,172.16.0.3,admin_access,2024-01-01T12:30:50
log_906,user_13,192.168.0.8,login,2024-01-01T17:17:54
log_907,user_7,192.168.0.8,logout,2024-01-01T17:18:23
log_908,user_20,10.0.0.5,admin_access,2024-01-01T17:03:44
log_909,user_17,192.168.1.1,login,2024-01-01T11:30:54
log_910,user_2,10.0.0.5,logout,2024-01-01T16:04:00
log_911,user_6,192.168.0.8,login,2024-01-01T14:48:29
log_912,user_4,192.168.0.8,admin_access,2024-01-01T13:02:24
log_913,user_2,10.0.0.5,admin_access,2024-01-01T12:16:57
log_914,user_5,192.168.1.1,file_access,2024-01-01T17:06:32
log_915,user_14,192.168.1.1,file_access,2024-01-01T16:06:00
log_916,user_3,192.168.0.8,admin_access,2024-01-01T12:17:24
log_917,user_6,172.16.0.3,admin_access,2024-01-01T13:03:24
log_918,user_16,192.168.1.1,file_access,2024-01-01T15:36:36
log_919,user_18,203.0.113.87,admin_access,2024-01-01T12:17:51
log_920,user_13,192.168.1.1,logout,2024-01-01T16:54:00
log_921,user_13,192.168.1.1,logout,2024-01-01T15:53:03
log_922,user_17,192.168.0.8,file_access,2024-01-01T15:53:26
log_923,user_16,172.16.0.3,login,2024-01-01T13:50:45
log_924,user_8,172.16.0.3,file_access,2024-01-01T11:17:00
log_925,user_6,192.168.1.1,login,2024-01-01T13:20:25
log_926,user_10,10.0.0.5,login,2024-01-01T17:27:34
log_927,user_20,192.168.0.8,file_access,2024-01-01T15:39:54
log_928,user_15,192.168.1.1,admin_access,2024-01-01T13:21:04
log_929,user_15,10.0.0.5,admin_access,2024-01-01T11:48:23
log_930,user_8,192.168.0.8,admin_access,2024-01-01T16:27:30
log_931,user_13,172.16.0.3,logout,2024-01-01T14:08:16
log_932,user_2,172.16.0.3,file_access,2024-01-01T15:26:12
log_933,user_2,192.168.1.1,admin_access,2024-01-01T16:44:18
log_934,user_4,192.168.0.8,logout,2024-01-01T13:22:22
log_935,user_19,10.0.0.5,logout,2024-01-01T16:14:00
log_936,user_13,192.168.1.1,login,2024-01-01T14:25:12
log_937,user_12,10.0.0.5,file_access,2024-01-01T16:46:02
log_938,user_19,10.0.0.5,logout,2024-01-01T11:33:48
log_939,user_10,192.168.0.8,logout,2024-01-01T11:49:33
log_940,user_5,192.168.0.8,admin_access,2024-01-01T17:34:20
log_941,user_13,10.0.0.5,logout,2024-01-01T13:55:15
log_942,user_13,172.16.0.3,login,2024-01-01T15:14:00
log_943,user_9,172.16.0.3,login,2024-01-01T16:48:38
log_944,user_5,10.0.0.5,admin_access,2024-01-01T11:34:24
log_945,user_9,192.168.0.8,admin_access,2024-01-01T15:46:30
log_946,user_5,192.168.1.1,admin_access,2024-01-01T12:53:26
log_947,user_11,192.168.1.1,login,2024-01-01T15:47:14
log_948,user_11,192.168.1.1,login,2024-01-01T12:06:24
log_949,user_9,10.0.0.5,login,2024-01-01T17:22:52
log_950,user_4,10.0.0.5,admin_access,2024-01-01T13:41:40
log_951,user_1,192.168.1.1,login,2024-01-01T17:55:30
log_952,user_5,192.168.0.8,admin_access,2024-01-01T11:51:04
log_953,user_5,10.0.0.5,file_access,2024-01-01T17:56:30
log_954,user_18,10.0.0.5,login,2024-01-01T15:49:48
log_955,user_10,192.168.1.1,login,2024-01-01T13:11:00
log_956,user_1,192.168.1.1,login,2024-01-01T13:11:12
log_957,user_7,192.168.0.8,logout,2024-01-01T16:06:51
log_958,user_13,10.0.0.5,admin_access,2024-01-01T12:39:40
log_959,user_6,192.168.0.8,file_access,2024-01-01T14:47:42
log_960,user_19,192.168.0.8,admin_access,2024-01-01T12:56:00
log_961,user_19,10.0.0.5,login,2024-01-01T14:16:16
log_962,user_11,172.16.0.3,file_access,2024-01-01T15:52:44
log_963,user_10,192.168.0.8,file_access,2024-01-01T14:00:45
log_964,user_12,10.0.0.5,login,2024-01-01T17:45:56
log_965,user_19,10.0.0.5,logout,2024-01-01T15:53:50
log_966,user_5,192.168.1.1,login,2024-01-01T16:26:24
log_967,user_10,192.168.0.8,file_access,2024-01-01T14:01:45
log_968,user_8,192.168.0.8,login,2024-01-01T15:22:40
log_969,user_13,192.168.0.8,login,2024-01-01T14:50:42
log_970,user_4,192.168.1.1,admin_access,2024-01-01T11:20:50
log_971,user_13,192.168.0.8,admin_access,2024-01-01T14:51:18
log_972,user_20,10.0.0.5,admin_access,2024-01-01T12:09:36
log_973,user_8,172.16.0.3,file_access,2024-01-01T12:25:57
log_974,user_4,172.16.0.3,file_access,2024-01-01T14:19:44
log_975,user_8,192.168.1.1,login,2024-01-01T13:47:30
log_976,user_9,172.16.0.3,file_access,2024-01-01T14:36:32
log_977,user_1,192.168.0.8,logout,2024-01-01T14:04:15
log_978,user_6,192.168.0.8,file_access,2024-01-01T14:37:06
log_979,user_6,10.0.0.5,login,2024-01-01T18:09:30
log_980,user_8,192.168.0.8,file_access,2024-01-01T14:37:40
log_981,user_5,192.168.1.1,login,2024-01-01T14:21:36
log_982,user_11,192.168.0.8,admin_access,2024-01-01T13:32:46
log_983,user_3,172.16.0.3,file_access,2024-01-01T12:11:04
log_984,user_15,192.168.1.1,admin_access,2024-01-01T14:55:12
log_985,user_16,192.168.1.1,file_access,2024-01-01T17:23:15
log_986,user_17,172.16.0.3,logout,2024-01-01T15:28:40
log_987,user_11,192.168.1.1,logout,2024-01-01T15:29:00
log_988,user_4,192.168.0.8,logout,2024-01-01T12:11:44
log_989,user_15,172.16.0.3,login,2024-01-01T18:14:30
log_990,user_5,203.0.113.21,login,2024-01-01T17:58:30
log_991,user_7,192.168.1.1,login,2024-01-01T13:34:43
log_992,user_6,10.0.0.5,file_access,2024-01-01T14:57:36
log_993,user_20,192.168.0.8,logout,2024-01-01T11:55:51
log_994,user_17,10.0.0.5,admin_access,2024-01-01T16:21:02
log_995,user_1,192.168.0.8,admin_access,2024-01-01T17:44:20
log_996,user_7,192.168.1.1,logout,2024-01-01T16:21:48
log_997,user_10,10.0.0.5,file_access,2024-01-01T13:36:01
log_998,user_9,172.16.0.3,login,2024-01-01T14:09:30
log_999,user_3,172.16.0.3,admin_access,2024-01-01T15:16:21
